,PLATE_X,PLATE_Z,VERTICAL_APPROACH_ANGLE
0,-0.281270688636448,2.778331217108492,-4.443842497116119
1,-0.2851620955775025,2.7811063442753152,-4.4257486386692255
2,-0.27487338110100423,2.765525809580619,-4.4222639695062815
3,-0.25287217743764556,2.755415994061361,-4.423104864787654
4,-0.2726604859407222,2.756862369933726,-4.412644850593202
5,-0.26085313921456843,2.7451210953235416,-4.431989165872627
6,-0.25744299575284996,2.7790540815522933,-4.429362598616912
7,-0.2877920229525037,2.7405652230113233,-4.414535477284402
8,-0.24629388022209617,2.757033855383933,-4.39399172241792
9,-0.2711041732701237,2.7632294157115673,-4.388511438935881
10,-0.25248668363449467,2.7797594846720637,-4.4312935801320466
11,-0.27876304157486115,2.772197843500212,-4.388426961319962
12,-0.2572183239681639,2.742160718391989,-4.435520084948323
13,-0.2750969210006722,2.7617035664799006,-4.429906930859307
14,-0.2806179758159695,2.7566549089996024,-4.424417713652768
15,-0.26931049747105484,2.7839072141675434,-4.3920814336244405
16,-0.24945037377292942,2.7499337241939577,-4.393882447203845
17,-0.28468415731757724,2.740679944809055,-4.411903616688534
18,-0.25141938738914854,2.775925596399966,-4.40706137910625
19,-0.2652217510433488,2.753311690469456,-4.443815455855137
20,-0.26685258537439444,2.7397162934015116,-4.447306875542531
21,-0.2830466430338311,2.787045104136661,-4.423324999004799
22,-0.26131589209857886,2.7798515986869208,-4.4322490427365935
23,-0.24912033804021408,2.7430192168467857,-4.395361274576748
24,-0.27447884833483177,2.773770963397132,-4.40802505039418
25,-0.2524716435122283,2.7833387081499352,-4.417661825809113
26,-0.26532591566957436,2.7857773800238506,-4.415014793121271
27,-0.24878199514412028,2.766768415418698,-4.4032301011059305
28,-0.27018998824471246,2.743307535471047,-4.422856228368961
29,-0.251595812069704,2.764912606815728,-4.4300681390977585
30,-0.2486306648019921,2.7818748055046125,-4.387660491586925
31,-0.2614865982650178,2.7902537799246945,-4.401197343873607
32,-0.28396870802299806,2.7589781461349636,-4.444235754015839
33,-0.27981687965932783,2.748726740482993,-4.443521999480078
34,-0.27051641023518347,2.7475884359428506,-4.413109994768531
35,-0.28850560148956156,2.7812855552650517,-4.3899940427061095
36,-0.2658677873369572,2.76800810653743,-4.4071472263436196
37,-0.2633756989654491,2.7390706794482855,-4.4437680528495855
38,-0.28827321915301857,2.739147453012254,-4.443220781636969
39,-0.27003599685074275,2.7892216216870507,-4.398928507293333
40,-0.26730068903171694,2.7445112964361655,-4.4039331280497604
41,-0.2538595297389307,2.7443827369390856,-4.424504136128393
42,-0.28526328546396823,2.7555123399730035,-4.424773992139877
43,-0.27404987631043154,2.748349758864279,-4.413629489553823
44,-0.26029099219004975,2.733599711506196,-4.41180637712893
45,-0.27034971402258795,2.7423064621906437,-4.4050432155228485
46,-0.2867697974367715,2.738708834373322,-4.418804239283141
47,-0.2670600790802899,2.740852843080613,-4.414630161444746
48,-0.2550063941810915,2.7477382421527086,-4.408071250854297
49,-0.2643928412502208,2.7472468354703876,-4.430803141806411
50,-0.26099371130005944,2.789883929539147,-4.43496967601317
51,-0.2732513869871346,2.7695306900859236,-4.412224018604215
52,-0.2598242079706004,2.764036138081849,-4.403630809587076
53,-0.26122467501949825,2.7469367891446663,-4.425978758397652
54,-0.2525081659655464,2.78918842001306,-4.387656596508694
55,-0.2639455912993035,2.7786624681542786,-4.425670357782427
56,-0.24832387834985975,2.7616215112595914,-4.422815613513423
57,-0.24697544590736717,2.7551367466522527,-4.39068768490097
58,-0.2481115291659106,2.7632439817985133,-4.406618649664055
59,-0.2837555507693196,2.7642180659478974,-4.441036736384599
60,-0.2593538619482151,2.7791066483992513,-4.4344432213500635
61,-0.25511747494037484,2.7738759296204885,-4.415568227435118
62,-0.2557408968194242,2.7722313619926724,-4.441380313877387
63,-0.2545604877719373,2.744253427844695,-4.442846655631761
64,-0.2838761566855346,2.7576476804942627,-4.417656826580644
65,-0.24755591046329775,2.7866168738303987,-4.44289092886234
66,-0.2865029331337098,2.7647848522320237,-4.4473247402672795
67,-0.24676259163652603,2.7771799878420715,-4.40463104295205
68,-0.24674377368469558,2.7501849582641476,-4.42739990648078
69,-0.2850848727546946,2.786388438309997,-4.394299914273919
70,-0.27863005330399765,2.7612160444495433,-4.410942939004827
71,-0.2709840536412699,2.7396160241185137,-4.391641590899267
72,-0.2749537718991998,2.770582969127646,-4.419553539282842
73,-0.261746165855383,2.756514051468559,-4.425811710632844
74,-0.28244031001654696,2.7466515502938846,-4.442628358906043
75,-0.2841302474311364,2.73409380203656,-4.411022356696201
76,-0.28268309251905005,2.7899021360211917,-4.388117108710845
77,-0.253707470418646,2.7807389894336385,-4.40066982572493
78,-0.2716176358992575,2.763267302650446,-4.423112952104294
79,-0.26535772192914187,2.7621533041339354,-4.421126579409682
80,-0.2819424095390006,2.7549125413279736,-4.441507404134647
81,-0.2800839776583034,2.7506661727027923,-4.448019566072821
82,-0.2783487091827052,2.77157545537123,-4.407501985975297
83,-0.2885933035032936,2.7789570221375266,-4.417686981535142
84,-0.2540166254741991,2.761370197059819,-4.415534067883457
85,-0.2856714475224964,2.7682324080946246,-4.417343191754093
86,-0.27161412660945855,2.774781234922042,-4.412756093408656
87,-0.2705858140995453,2.7485859412507816,-4.403957435077826
88,-0.2558533575231426,2.7355680247723377,-4.437021224963055
89,-0.26120465124554804,2.77237382204657,-4.428383176003523
90,-0.26174852496130047,2.7783002082198442,-4.407219766754573
91,-0.2499595788485183,2.74533040409012,-4.398531951749324
92,-0.2816725804310491,2.7710378567743015,-4.423670895164331
93,-0.2519800863561755,2.7551937893016176,-4.414004163454289
94,-0.25738224063044995,2.748582415423736,-4.390259161849357
95,-0.2518635606311861,2.769933337855086,-4.395486550545019
96,-0.28454025501854024,2.7848964413619544,-4.405164047357359
97,-0.28248240470427943,2.7774606167648126,-4.430638366974457
98,-0.2582943538247544,2.74999798471993,-4.428744774306917
99,-0.2783098093223594,2.7399524118298006,-4.428243890144572
100,-0.25262386077618626,2.759661896296209,-4.439884695927347
101,-0.2687262452837491,2.768118039059946,-4.399805402581058
102,-0.27552292146180274,2.7514977061220747,-4.413461837202581
103,-0.28146180890084527,2.784021562571514,-4.438868153138016
104,-0.26108033418152854,2.7547129109219894,-4.4154640526663025
105,-0.2698867225594935,2.7749514422331045,-4.417491808364299
106,-0.2654861656593787,2.7861484724745225,-4.44740620564517
107,-0.25463041530911756,2.7843332444763775,-4.402564626506534
108,-0.26264873467908045,2.766837559879513,-4.39794960893211
109,-0.26823666843654315,2.7529145328979605,-4.4260661654408935
110,-0.2526090174430636,2.7739218022848413,-4.446264812143325
111,-0.2856985954160986,2.75833225308489,-4.425873417192477
112,-0.25246558903870986,2.768369462569868,-4.415640538302023
113,-0.27051912970352593,2.789734408571701,-4.439874488804766
114,-0.25307832639967875,2.7672374838404195,-4.393203026757678
115,-0.28357065809235127,2.7421421669050923,-4.391593415742553
116,-0.26599911515031094,2.784144845676231,-4.392567164121735
117,-0.2770884900768559,2.7747930565801546,-4.421110935544119
118,-0.28712262648568254,2.7648736005936456,-4.438662389416308
119,-0.271116220328189,2.7349663506681345,-4.433051579545916
120,-0.2559087105314663,2.736578233472855,-4.412228534737815
121,-0.25974520376704496,2.7340405173208198,-4.4472661969455
122,-0.28331808772287664,2.760199661739047,-4.418030940850766
123,-0.256372393636596,2.7795266636456875,-4.4066270426302765
124,-0.2796166255006992,2.736358820176257,-4.4157905482935
125,-0.2707239381862171,2.7393395828286464,-4.447134798058133
126,-0.2679173135132937,2.7868542003354544,-4.39390251089768
127,-0.27505458716054093,2.7890573558583616,-4.435485866780895
128,-0.24716102496438025,2.732732727982356,-4.438845145287012
129,-0.2770536150518886,2.7807747433579193,-4.423924818271309
130,-0.26230171338882624,2.7853492246875593,-4.416707581054131
131,-0.25760229474560276,2.7326840155305914,-4.404596893175946
132,-0.27258847294614624,2.764714836528696,-4.421483553833859
133,-0.2797401374542323,2.74976983598031,-4.406537104337515
134,-0.278023084523369,2.766035200842269,-4.421364403121725
135,-0.26987201399534294,2.733752487797227,-4.407487719668226
136,-0.2798247123974789,2.7562419050071076,-4.400740767232056
137,-0.2645187469363294,2.7769700256383345,-4.3903280969684815
138,-0.2745333839193845,2.7584952061592323,-4.391246562702505
139,-0.2669918952425027,2.7618226424832675,-4.3990552563204135
140,-0.2626549717577154,2.74421768417662,-4.4182975509685685
141,-0.2679742879119666,2.742695752577025,-4.431275009968807
142,-0.2731800011362129,2.7502316377517153,-4.3947232179197915
143,-0.2879976952770784,2.78862767904179,-4.436887234627748
144,-0.25156996439683205,2.7728320145501373,-4.400064804553724
145,-0.28043914859530944,2.732502595610342,-4.414386248399959
146,-0.27518342891731495,2.779420469807269,-4.446045039762753
147,-0.28177886320570833,2.7592680642566845,-4.414081820679262
148,-0.2462716716385412,2.7894981397195733,-4.392670305717528
149,-0.2548055022529057,2.7704513826689956,-4.394181611861211
150,-0.2716255293643195,2.784199361407331,-4.400204514497642
151,-0.27323221247819457,2.760074922086142,-4.442848335271369
152,-0.2722791083724894,2.762543491824511,-4.421459049809273
153,-0.2836872427597145,2.7580020813829402,-4.439724942672145
154,-0.26059320996437507,2.7885371236560514,-4.4003236377114465
155,-0.2714845205254454,2.7392265533912177,-4.395571442464726
156,-0.28024195518058376,2.770297695124947,-4.396934292322139
157,-0.25767812834155834,2.743554643460103,-4.396373776868739
158,-0.24690984987926745,2.78313753358484,-4.408748516784631
159,-0.28447646913838825,2.7331295221782876,-4.395206337018818
160,-0.26119824532561087,2.7691860610131718,-4.433589584170571
161,-0.26876676124957743,2.739541870840418,-4.397700342452267
162,-0.24693451478677655,2.775508424649948,-4.394420677524214
163,-0.27518525868973653,2.7374297036730892,-4.4137437660048455
164,-0.26244728460291755,2.787726798922233,-4.391321500159091
165,-0.2581604200952357,2.768204867413804,-4.444169120973076
166,-0.24693623902270104,2.7870460305497637,-4.4252682904006955
167,-0.2512576844413582,2.7749223023574743,-4.398030642659794
168,-0.2594258177243959,2.7597762639215877,-4.437957174976542
169,-0.28419823095504504,2.7832405843708297,-4.3972786194168885
170,-0.251029958177096,2.749018310020314,-4.438706618359225
171,-0.2478357462164747,2.740988385912621,-4.4451567877838585
172,-0.24742618689557336,2.7792746830688606,-4.4106537435414745
173,-0.250402672458214,2.7539240925134005,-4.429032412023196
174,-0.27147861979571847,2.7743034451090374,-4.410544046711056
175,-0.2560952693862627,2.743777114947772,-4.4103183464434315
176,-0.2596497361637089,2.7534316914063015,-4.448802510469256
177,-0.2525817352981329,2.774604689617426,-4.406881399521535
178,-0.265773984035708,2.779156505311716,-4.3920132881032385
179,-0.2880987257113852,2.748410528025575,-4.420510281439914
180,-0.2466999559952604,2.7767180715173394,-4.402955583100749
181,-0.2693216342350428,2.7494783672309495,-4.4478902000322895
182,-0.24706505005549717,2.7386345395232743,-4.430227934047666
183,-0.24798988099058816,2.7433827755187306,-4.407974086540635
184,-0.25039896550350726,2.733130611522653,-4.403789335190565
185,-0.2607728332227533,2.758682509390351,-4.441925345568875
186,-0.2683082794005129,2.7857584986268416,-4.414037466585809
187,-0.2747575587257212,2.761545490676,-4.416652740277267
188,-0.27306000299456623,2.765898183659673,-4.39187145511168
189,-0.2796874254410409,2.7800303344404176,-4.424222445667395
190,-0.2468450335127467,2.7670445438290283,-4.434787997073055
191,-0.283945340874325,2.761506624385726,-4.412763150929099
192,-0.28573993481323084,2.7825605280311705,-4.428021975115083
193,-0.27107034059372387,2.7859495369633853,-4.39902227410117
194,-0.28642375307515106,2.782140203321792,-4.44079289898087
195,-0.2713041823311644,2.767440718458022,-4.406297474869787
196,-0.2788646296193294,2.7687555045513603,-4.419890535910393
197,-0.27201503313838876,2.769785044386145,-4.419484033825255
198,-0.2818151827334387,2.7615304004516337,-4.414140997505586
199,-0.2565669151798398,2.744512013061266,-4.43605227284952
200,-0.27898981079821605,2.7382474937996375,-4.446962449392805
201,-0.25442691024417013,2.7566757882688604,-4.435662711081434
202,-0.24665850447124718,2.744918949744181,-4.406416799532332
203,-0.25665230827043933,2.769670818249542,-4.432941160211802
204,-0.25744010010885404,2.7789872591838436,-4.392573102900692
205,-0.2550628230457071,2.741720204208572,-4.388922096665543
206,-0.2753589896650086,2.7835397458579774,-4.392659237030716
207,-0.27137824696422963,2.741430743197273,-4.44225350879595
208,-0.28026542156773937,2.7713370160711195,-4.411920785302511
209,-0.2647069516597971,2.751587848309641,-4.441353447071595
210,-0.2708149659089037,2.733831133244192,-4.4322765938908555
211,-0.283406551238814,2.7595195945458433,-4.446555063142474
212,-0.25104212824540784,2.767540820637895,-4.41514037790997
213,-0.26024513132010846,2.777372197185409,-4.398345653423592
214,-0.26122749735753154,2.7617599248257054,-4.398004926924968
215,-0.2534901965865961,2.740255540543982,-4.394282695459874
216,-0.2513744816786896,2.7428667440223005,-4.440746562400409
217,-0.28532996363057167,2.7639573518493536,-4.403883351040585
218,-0.2819962920543883,2.773153200825467,-4.413843872078573
219,-0.2507844208499183,2.774128967421182,-4.439807613960951
220,-0.283021947889475,2.7443645515732076,-4.3982583326424916
221,-0.25770898072822424,2.7458822415524713,-4.426729583006747
222,-0.2708780038232052,2.7743038015251327,-4.4266150414656575
223,-0.27641598828749286,2.786556660011977,-4.433380445230102
224,-0.2669785510284337,2.7660086879765977,-4.427102662373455
225,-0.25003976764946834,2.7809857413396677,-4.3949724442459654
226,-0.28407219798235167,2.74133452625176,-4.390618425221952
227,-0.276311697477094,2.763952675011638,-4.406321845015828
228,-0.2572735886141057,2.7743041590620994,-4.439820661919087
229,-0.2510227465053134,2.7680304294800444,-4.3937606857805305
230,-0.2473777035959145,2.7750814903423167,-4.394046740200511
231,-0.2708888375994501,2.786868510767148,-4.3878461492135825
232,-0.26848976683539955,2.7812612251973805,-4.443410805056585
233,-0.27384780746275655,2.762217704121214,-4.446120468648391
234,-0.25332537577226893,2.76696341825071,-4.399828347728731
235,-0.25225500207540885,2.735988447819469,-4.437092891765865
236,-0.2792978227377936,2.7346466696125544,-4.407742979214164
237,-0.28287299600923305,2.7829102694438035,-4.447589873909398
238,-0.27912415642992006,2.7510515480295514,-4.423127833745986
239,-0.2529913391076781,2.7476189269256968,-4.400108938256223
240,-0.2840082762288234,2.7678955308361335,-4.439517076173283
241,-0.2541195324811729,2.764825858814678,-4.422417316441579
242,-0.2853668963776287,2.7361480106509157,-4.428379969337203
243,-0.2565213632796932,2.779696921115756,-4.418436992012705
244,-0.2474996474843363,2.751707685820763,-4.439423824378689
245,-0.26494335218725923,2.773868807797369,-4.427589317579458
246,-0.2470741876184471,2.7373429158687523,-4.402635024976185
247,-0.2735062531749515,2.7679537027143777,-4.429272191706147
248,-0.26600575013566935,2.733275152548299,-4.39993552425161
249,-0.28432889737048256,2.7376435350155304,-4.405599876676077
250,-0.2528634501937802,2.759977936440243,-4.391553157090056
251,-0.2571504583211841,2.7757219998635585,-4.414012253290549
252,-0.253240640267877,2.742753126487131,-4.42039616064525
253,-0.25408670751770895,2.75523290002678,-4.412617023357699
254,-0.24865987287201707,2.7677424557927326,-4.427665027829949
255,-0.27931965562194433,2.783397614286195,-4.443998554845168
256,-0.2550629979987248,2.7436094998555087,-4.446375372925914
257,-0.28537429516072066,2.760290004580087,-4.390741743362857
258,-0.2578250485668846,2.754930448171186,-4.43392672078146
259,-0.27685391829784156,2.7407266261575227,-4.395402859281515
260,-0.2723829185036439,2.770365321356974,-4.440778156825342
261,-0.2491321309519677,2.7628809976419,-4.445920257037544
262,-0.26268520161922093,2.7725398645883135,-4.436144867115516
263,-0.27169395355720266,2.7549392521852116,-4.4492235410269725
264,-0.26519793644306083,2.737201533427917,-4.423403948149774
265,-0.2505619260367493,2.750179836135045,-4.404409280631573
266,-0.26427671660384777,2.740938186601216,-4.417278602966756
267,-0.27779471138496703,2.781416209276228,-4.390045666005653
268,-0.2491991916810637,2.7529589859513925,-4.4020144282025555
269,-0.2689931700304119,2.787599643036225,-4.423483955873885
270,-0.2789064608845749,2.7509658962571315,-4.393008160292621
271,-0.25500329205590655,2.736598947214137,-4.42806755517429
272,-0.2614968196827525,2.782002385897367,-4.388780529369687
273,-0.2602639038512735,2.772941819213916,-4.4370088910390395
274,-0.24706626580461755,2.7753650093391866,-4.404053726162772
275,-0.2731151119084484,2.7667946886597257,-4.395854990270438
276,-0.2526905133149676,2.744985145421948,-4.411359902209745
277,-0.26299331446973084,2.7594201364191444,-4.388985629519952
278,-0.28294585274128936,2.7899402180454715,-4.434874115898806
279,-0.2559170739535314,2.75378627676966,-4.408234862322688
280,-0.28111109396180833,2.7783212067501033,-4.40940742958469
281,-0.26966873484465187,2.7820286914768437,-4.405701530697114
282,-0.2879648955187984,2.735948612602251,-4.436699192367317
283,-0.2707302767542001,2.7718282825559246,-4.3976682968221805
284,-0.24917672957630854,2.773384595239047,-4.417772498444498
285,-0.28134676988102125,2.7598718978069,-4.4308401120112375
286,-0.26488964740270143,2.7636893503787148,-4.404001782484064
287,-0.2569166514411533,2.7638077709904336,-4.424945928432381
288,-0.24974179090299475,2.7725856362460446,-4.441024267294489
289,-0.2493506594217576,2.7771433642994934,-4.41577315519124
290,-0.25305251712458476,2.7867922608065703,-4.407872627767804
291,-0.27876512989953045,2.758753949543668,-4.394235223804724
292,-0.2804013678516447,2.7671626394045608,-4.409953686985812
293,-0.2871982557715348,2.771837292247995,-4.407574059412701
294,-0.27187122472377584,2.7417717917667415,-4.412834606276677
295,-0.24976184824329262,2.747635403335475,-4.392392459304687
296,-0.2556418171307583,2.768200779788892,-4.400765675997418
297,-0.25501337197650753,2.7892066180019226,-4.415182098691285
298,-0.27333578660798774,2.760880611154941,-4.4173088363318165
299,-0.24875755924607668,2.7615655238658,-4.4162869708966515
300,-0.25196446853812055,2.7432738704204853,-4.410208536664367
301,-0.26994986067830573,2.7374531011133785,-4.428759400625761
302,-0.28298996462509024,2.7477980665159336,-4.410635649714104
303,-0.27095388336677323,2.768660940703901,-4.439482846194082
304,-0.2556558500794648,2.7369655009429446,-4.417691072270453
305,-0.24975864392915184,2.756929238978335,-4.42485360367859
306,-0.27057132356350927,2.746602096891546,-4.431238463646354
307,-0.2561019697992201,2.7607656473803455,-4.407583127535067
308,-0.2778008146601499,2.7325703510265913,-4.418223398376249
309,-0.25461297669070954,2.7397554737768344,-4.39185039813159
310,-0.28881984849732645,2.7636676960978424,-4.415681825277117
311,-0.2881649830698278,2.7805150861901478,-4.440305536110262
312,-0.2644988166606565,2.7588880419835182,-4.437925381699824
313,-0.2873600206520298,2.757346785188268,-4.390067803213149
314,-0.25585809861086184,2.789327059664125,-4.40113108702277
315,-0.2647559438386482,2.7538960367116045,-4.447894268491314
316,-0.27755568005541675,2.762092017231721,-4.3937467673633135
317,-0.2662334504321023,2.7889484371070434,-4.403092576767062
318,-0.28533191891066106,2.744951392354583,-4.398753053344223
319,-0.28383810181760377,2.7613267829097867,-4.426655296668585
320,-0.2794293712051288,2.790510427746202,-4.447697348134763
321,-0.27919337754745677,2.736945314461967,-4.4240710756510015
322,-0.2767092994008694,2.755350901611832,-4.435961672234394
323,-0.26633538242092236,2.7745516575374563,-4.417952716394427
324,-0.2646780773388173,2.774796975161161,-4.444303607068494
325,-0.27353116441461295,2.7422697728847583,-4.402886009014931
326,-0.2781760795832381,2.7801179976823986,-4.415293002569598
327,-0.26289412671006296,2.7601903943764254,-4.436056810647201
328,-0.2881784059417192,2.740407050253422,-4.4459348076473875
329,-0.2665782578321943,2.7353118040560616,-4.4304961844954125
330,-0.2636897614754527,2.73998002658202,-4.404392681659383
331,-0.25156093774710514,2.7743088330974577,-4.407491384290255
332,-0.28368620786279203,2.7677311178642143,-4.419003043453185
333,-0.26711853474556474,2.783905224917363,-4.409818893051855
334,-0.27782991301790266,2.7479522211795655,-4.417425098935751
335,-0.25537227675589075,2.7834375226536987,-4.422962644131798
336,-0.27630554621130754,2.7712003576609376,-4.422720479614485
337,-0.26428043493377307,2.737179580742128,-4.434173090728409
338,-0.2668797778762207,2.751861652113341,-4.399191312559793
339,-0.24823646570796265,2.775951570517268,-4.427830523446431
340,-0.2694050298119945,2.78132702676877,-4.411476364635207
341,-0.2656704788757464,2.734793329483782,-4.396841693606683
342,-0.2751244058373512,2.7530118038569067,-4.405654954788126
343,-0.2507990432404804,2.761565665006887,-4.423265953988576
344,-0.24816705277843232,2.7905193175301664,-4.416523964435161
345,-0.2873259695988816,2.7512011594493453,-4.437357908760629
346,-0.260265584867227,2.752645914328699,-4.397462829260341
347,-0.26789672102791084,2.754903641693321,-4.448954634440588
348,-0.28425806817334753,2.777663432616048,-4.40250839125964
349,-0.28841925227588855,2.781133353956289,-4.3934970495733285
350,-0.2710489807400797,2.7339491625407564,-4.407750407591203
351,-0.26076130562044586,2.743208756484943,-4.391272204901
352,-0.26488988787998186,2.7402149362683614,-4.396526083080144
353,-0.28500257119148165,2.773556870705077,-4.433672995521703
354,-0.27410825527458194,2.735966573267907,-4.42005493805467
355,-0.25339623187676985,2.7588064266506773,-4.411512038153658
356,-0.288347275548394,2.764546967600838,-4.425602585269184
357,-0.2679637895082919,2.7603056628548486,-4.388609486493113
358,-0.27322401384780304,2.7692236453771746,-4.420863592869597
359,-0.2629203240394304,2.775995316682466,-4.401243168914839
360,-0.27963181781667196,2.7432047809471105,-4.426523648182357
361,-0.280533953445201,2.7486150461875645,-4.396822661530896
362,-0.25286483769428564,2.7633785150812695,-4.435787150476911
363,-0.2635905327804716,2.7326592650035084,-4.443185800173135
364,-0.2783804051424411,2.759502247807983,-4.433460772313519
365,-0.27071317084975155,2.757619647509422,-4.414173734791908
366,-0.2688061111860439,2.7700783382706624,-4.429973113953895
367,-0.2517428820870724,2.74677304587924,-4.422886729139053
368,-0.2596741784605911,2.7782382242260635,-4.39594897475425
369,-0.27121174561876354,2.774775671623987,-4.437293765626019
370,-0.27185012768639466,2.7830572146991583,-4.418945667006491
371,-0.2738716019246722,2.742852278958502,-4.397698290994215
372,-0.2795232889426974,2.744870757154671,-4.414559338966245
373,-0.24819461890329197,2.7719014143677403,-4.413508178177374
374,-0.2874048616579761,2.732549004062573,-4.413934330089149
375,-0.24847312562177654,2.7777279604321783,-4.4045318423453
376,-0.2668010951864565,2.779153166835849,-4.3883693532408925
377,-0.27487231982346366,2.7864611780236235,-4.439841385644175
378,-0.2750192503379063,2.7855602392195173,-4.4343519368430515
379,-0.2798045098982121,2.7826625485195975,-4.423293452447301
380,-0.2533383333954289,2.767825681324022,-4.405857521659012
381,-0.26314845689746963,2.761559182213801,-4.421340857859082
382,-0.25411090907789924,2.7413758087127893,-4.398511631239698
383,-0.25980835046344963,2.780717212145352,-4.428364990338287
384,-0.2753154449653496,2.735113386227038,-4.392248444186829
385,-0.28451991770370505,2.7712235012747124,-4.405177914248531
386,-0.2798138492270912,2.76393791144504,-4.446482614987439
387,-0.24781488805889906,2.7675713064428025,-4.407482174568816
388,-0.2623604068445941,2.750216670108906,-4.413197311261811
389,-0.2618736408359088,2.7636284962437396,-4.435981160251169
390,-0.2603791745052911,2.735683714289033,-4.444036425680029
391,-0.2599617080818897,2.788476154360466,-4.439265858165515
392,-0.25779006843031604,2.750748943413757,-4.424509867423443
393,-0.2573986833151468,2.760808043023824,-4.409046758880271
394,-0.2506937336720041,2.7564880057309256,-4.407958397699736
395,-0.2814054450979918,2.757016498203004,-4.432826056085322
396,-0.25915107865750686,2.7892218089099607,-4.442457842134121
397,-0.28866576101012614,2.760450629867735,-4.428125806830413
398,-0.2870256594451466,2.738173019991349,-4.392068365918306
399,-0.2586367717439215,2.7432056690766924,-4.430071800699912
400,-0.26710415125325987,2.788944338810866,-4.388262082887014
401,-0.24829643403407703,2.734891308014792,-4.409351399166138
402,-0.2736438879938239,2.771842883491126,-4.449118507273206
403,-0.24994434894238896,2.76677149603061,-4.403402444512526
404,-0.27827098269600314,2.7502507613145473,-4.404492854554864
405,-0.25316143492145643,2.7327306181608764,-4.392593042073708
406,-0.2516553926199532,2.7843490402608095,-4.422287975440573
407,-0.2522792128519321,2.7622680816657206,-4.435623165339956
408,-0.28036932389475056,2.77757724416209,-4.423718765009983
409,-0.26760153874280956,2.749404351520974,-4.408086282480796
410,-0.2851357309828553,2.7524533071096697,-4.394618570753776
411,-0.2636109552800908,2.743201858660397,-4.427370451788805
412,-0.26118896287096943,2.7566209343490953,-4.390022480051878
413,-0.25105659253582624,2.7669148599400746,-4.413322634244638
414,-0.2812796249713936,2.7447949761803927,-4.418111582459067
415,-0.25156238698014943,2.766085266748629,-4.412089552211239
416,-0.26255758270607865,2.7407397436925613,-4.425749751986753
417,-0.2880685073409496,2.7794803022608843,-4.42317376325257
418,-0.25260085054504733,2.758301670925254,-4.448957961155775
419,-0.24895877757129273,2.733195700257898,-4.407708992650083
420,-0.2697370499544256,2.736491098031864,-4.393011699394908
421,-0.2590645508502134,2.7402916464358693,-4.449049783457737
422,-0.27626077140105276,2.740687773434185,-4.412672281413737
423,-0.25202903472648425,2.7670436058595236,-4.396021189800844
424,-0.2764894320809903,2.761247564314372,-4.418460173221667
425,-0.25301430888777643,2.7570369968328454,-4.403414074562497
426,-0.28805286051581613,2.743094202534384,-4.431936755834189
427,-0.25606375308646667,2.7841486760317897,-4.44123909652314
428,-0.27733568631202316,2.762835402789872,-4.4007802426567375
429,-0.28093571355066965,2.7334969763989325,-4.4279480097347
430,-0.2832484872249695,2.762551712254908,-4.439283549075295
431,-0.2669813349536496,2.7617597934618123,-4.429465320461684
432,-0.2514786285737096,2.7553629377497186,-4.4211579989399015
433,-0.2511534686098266,2.7499083479199964,-4.440371345497294
434,-0.2786272351095268,2.785481691182575,-4.421974391470117
435,-0.28680621330179606,2.756371991167416,-4.416736511241242
436,-0.25860873608172885,2.742306868491925,-4.4152381436808215
437,-0.27659297975304764,2.777342548596652,-4.432404520675959
438,-0.26093912125690627,2.7330002198919408,-4.439275027434468
439,-0.2828583228157592,2.787167227508972,-4.410282290014201
440,-0.26233961413304924,2.7688903847660984,-4.417691186231975
441,-0.2715750817496876,2.7405661178254297,-4.416457573080329
442,-0.24777947699768393,2.789851459975176,-4.396581101551789
443,-0.28502686646910064,2.7466762883948785,-4.3909178835910625
444,-0.26833958379262324,2.762905312349902,-4.412896251800269
445,-0.2764696611901036,2.7447141635564885,-4.444836909080119
446,-0.276758587137452,2.7664342021273884,-4.409940126828727
447,-0.2826088968832127,2.7412662548637226,-4.448246990969094
448,-0.26123338439173344,2.784440082466421,-4.402683842206454
449,-0.27886085920736253,2.7756199237690486,-4.389773437299248
450,-0.2522140630371166,2.7386134893530283,-4.397439506145463
451,-0.27667673194678283,2.7375365511121528,-4.447813858591843
452,-0.28112271101826836,2.7452665875195716,-4.400070433531997
453,-0.28863780653692567,2.759710294894069,-4.403453598995755
454,-0.2493603138981158,2.744363382032754,-4.425589874244052
455,-0.2664064660613321,2.767249533870269,-4.397438877485709
456,-0.2816165526861548,2.7587058088260057,-4.416435185004288
457,-0.2778913101719506,2.767638665330164,-4.417244204420053
458,-0.2624595771808437,2.781110439933507,-4.399408052757563
459,-0.2560682515329077,2.7734593194048447,-4.391581767181727
460,-0.25466511732810615,2.7388423121804437,-4.441300412745034
461,-0.25180335944011145,2.7813638403876384,-4.4272675612120365
462,-0.2863017063989061,2.7719768541382863,-4.397004958006032
463,-0.2747927159943164,2.7892488509232036,-4.441087239131244
464,-0.26722972041102827,2.7447561331883774,-4.390548951949387
465,-0.2595548865788793,2.7620361257035935,-4.432958587092141
466,-0.28701008805669764,2.745754700011039,-4.445991579608015
467,-0.2538280222440801,2.7329632803649577,-4.406120290784884
468,-0.2650748113138636,2.7397730546820895,-4.393989774555997
469,-0.2800405525019151,2.749148373041433,-4.388798179870581
470,-0.2884829423074663,2.7684270032362712,-4.392371077578859
471,-0.2639628939490206,2.7402527099159584,-4.425114767693903
472,-0.24932068340754837,2.742532635391067,-4.428948760711564
473,-0.27881613970501845,2.770652631037692,-4.426307027163062
474,-0.2869593096471444,2.774072100212132,-4.4406910203357945
475,-0.2648982411812831,2.7708449211601716,-4.447308576247765
476,-0.2866338995682175,2.760812757468788,-4.43818601418712
477,-0.25057925630110184,2.737375291904542,-4.432670187439541
478,-0.2737661579179058,2.776548076047619,-4.441833223571324
479,-0.279951348183068,2.7490161957424153,-4.443143109591991
480,-0.277046294921295,2.7749244823157624,-4.42318669981052
481,-0.2874022856018103,2.7845648818324356,-4.436033902913181
482,-0.2859251826116852,2.7539986003573724,-4.388044841127868
483,-0.256591516477924,2.785426506763516,-4.44231809902783
484,-0.255147806397992,2.7571414228215936,-4.443766522585998
485,-0.28733623875741116,2.735159458911359,-4.4352219863917695
486,-0.2762875377997435,2.7806697567713266,-4.410434919438183
487,-0.2850437421028543,2.7378444643443403,-4.390247898546173
488,-0.2630910742098101,2.7621726359925236,-4.411206695131356
489,-0.27242182487874683,2.738575118039295,-4.42411016759558
490,-0.2650224221547697,2.7733270639598984,-4.412652460269352
491,-0.2613096043245483,2.7547492259215915,-4.398632389837552
492,-0.2866230017252333,2.766159372317893,-4.3963424377017635
493,-0.2652298157899649,2.7432494320125174,-4.414025597665465
494,-0.2687250476228576,2.7440866610287458,-4.426456121065531
495,-0.2870950787616982,2.7680747537848895,-4.42497142561054
496,-0.2807242630802688,2.7639049912567635,-4.424916096142256
497,-0.2799630095654284,2.74485853082156,-4.447795744152396
498,-0.2501049478649849,2.768169320336226,-4.441345571226085
499,-0.28388009779205947,2.7653542784465026,-4.402879041866866
500,-0.27467542916147214,2.7757402001495475,-4.448672058374757
501,-0.2828999093879025,2.7890131772279307,-4.404278010693677
502,-0.2464682549342302,2.790631170291691,-4.422049921875173
503,-0.2506856217936238,2.7492492464453013,-4.40277150238473
504,-0.2620137783072532,2.7649811070594428,-4.415900648730775
505,-0.28804043529757456,2.7667074702454704,-4.408060850265301
506,-0.2748872076184721,2.759216118333174,-4.413683794422052
507,-0.28409181771065123,2.7379232897169965,-4.427899312803809
508,-0.26178719763571967,2.767650028274503,-4.437443781554536
509,-0.2859895852999748,2.746039883693697,-4.387868438174924
510,-0.2784724207646922,2.7651542243269254,-4.415726458431199
511,-0.2672704654595516,2.7366974565706466,-4.424217436045439
512,-0.26410970511720433,2.7579629107207935,-4.414917228422491
513,-0.2842081862057863,2.7664755482798284,-4.4323240773869355
514,-0.2885588504621734,2.7578994788867885,-4.414342800045488
515,-0.27186581235996243,2.770135021901195,-4.413398331034673
516,-0.2576048478226435,2.760673588506772,-4.44298573987276
517,-0.269080905849175,2.788776519348671,-4.410771077845543
518,-0.2826754842786126,2.7326444297647163,-4.394978193038242
519,-0.27965430878170294,2.7351142999425533,-4.445275105675516
520,-0.26857204123666506,2.759819932104824,-4.445989738543729
521,-0.2756126748397407,2.7782434490143313,-4.444782899370798
522,-0.24839247193887978,2.7333414186190215,-4.402837691520896
523,-0.2555755140087487,2.740212439684881,-4.39951413693022
524,-0.2739014598788928,2.771817934573592,-4.3897308962266255
525,-0.25155524960259107,2.7647365649686995,-4.400044782222123
526,-0.26402040341585614,2.756459295809021,-4.445888072359807
527,-0.2689671453180918,2.73931594962139,-4.405368593913848
528,-0.28831117186053595,2.7830173915964225,-4.422670910774194
529,-0.2608935086445229,2.778256427772917,-4.4116342537384785
530,-0.2855371102555858,2.7484204819143434,-4.3934109339241205
531,-0.2570421744747218,2.746161732645642,-4.436510256981749
532,-0.25825458004835233,2.7786300085728834,-4.446877822493816
533,-0.285974889734534,2.740324441033446,-4.392955166571704
534,-0.2761138406273209,2.775930887304863,-4.436184017080911
535,-0.2844538086073088,2.751483891441844,-4.437122504532516
536,-0.2846610110812087,2.7337980612209125,-4.401148716236565
537,-0.25196117624159964,2.7786236363828047,-4.391247433057807
538,-0.27888597251847436,2.7328467615759204,-4.40831150868134
539,-0.27156529174516425,2.7617298978475477,-4.433288664117847
540,-0.24935013637368883,2.777554447123157,-4.440185989630732
541,-0.26277790288101316,2.7825565432642043,-4.39581311581977
542,-0.256290572035592,2.764160092363039,-4.433358884253052
543,-0.2605082222050063,2.789100739660046,-4.393937966918521
544,-0.2885696158263339,2.759338297400859,-4.4012750162437575
545,-0.26812674158042804,2.7617750796004765,-4.42860622849104
546,-0.24865257980218242,2.73687025886775,-4.43818479554193
547,-0.2814090778786414,2.7630808899061843,-4.412584428495394
548,-0.27707640194508354,2.773387950762999,-4.4301501715914045
549,-0.25146566015028904,2.7741309691917047,-4.400334903785306
550,-0.2862131442502377,2.7796033989402655,-4.44137621691991
551,-0.2798610685778152,2.759279831081381,-4.401542656785721
552,-0.2761255054434718,2.751573560228966,-4.425553949849097
553,-0.25649651070580737,2.7415629809192623,-4.415628164762217
554,-0.2593071379506692,2.737031502325821,-4.4400403466058025
555,-0.26075245583222845,2.7711473391325456,-4.400620753485352
556,-0.2657926223531531,2.7844580110220374,-4.407177406365783
557,-0.24749867492204233,2.7495928106093044,-4.4098095268787425
558,-0.2787837100877859,2.764682537428889,-4.409863949933147
559,-0.25001281774517625,2.783780722017666,-4.4197338021410975
560,-0.2594602413754519,2.7772707812558175,-4.414052371246822
561,-0.24801595118156028,2.762155780385641,-4.428478057213622
562,-0.28546549458417303,2.7723562654131384,-4.416030011013976
563,-0.2657916544293102,2.7481756681990603,-4.417947979594887
564,-0.24667915539228463,2.782589182569582,-4.411501794219318
565,-0.25612201407324464,2.7371933824016943,-4.4390635497226425
566,-0.2622556883516307,2.765854946798547,-4.422914595845217
567,-0.28118080399322876,2.7580095013440777,-4.392473986267106
568,-0.27433892927349757,2.773247493575904,-4.42434431057977
569,-0.28626970822699327,2.7834163291680984,-4.404801013495468
570,-0.2825301664402361,2.7691039427665585,-4.414615137036165
571,-0.2756854179049395,2.78775383593111,-4.39731568653961
572,-0.2712280752247774,2.772083423446238,-4.425365780939671
573,-0.2585789575149467,2.7473461170944184,-4.446815616488881
574,-0.2466357175229982,2.748939107197847,-4.4385509744665725
575,-0.28795957278845397,2.7771088896200555,-4.406468866328238
576,-0.2819639399795586,2.7526776442769463,-4.390570049374999
577,-0.28509064370733306,2.7441567281760717,-4.425680237807016
578,-0.279734052487584,2.7714328851078722,-4.4358040688627955
579,-0.25212309810045136,2.74001366527737,-4.43214401284073
580,-0.28768921331707725,2.773983222373349,-4.430865432779295
581,-0.2532668163442995,2.7904014490790647,-4.399600594845416
582,-0.27091440782481696,2.788606960916805,-4.441481263510411
583,-0.2482029611765667,2.7672851300520165,-4.415350965957915
584,-0.2759604302660788,2.7367778126696964,-4.387644079600293
585,-0.2499217203425187,2.78785732898418,-4.442519104240063
586,-0.2670184947776398,2.769167449486871,-4.399324759142321
587,-0.2868639141833682,2.778885333545688,-4.410551263158457
588,-0.2831054380204108,2.74909321888933,-4.390276864934139
589,-0.2635913437708229,2.7477080772524816,-4.43556508263697
590,-0.2724754914115208,2.778971699863095,-4.4408461517752125
591,-0.2784559042155192,2.742871011650999,-4.416938904468608
592,-0.27709598889537285,2.739355611206237,-4.425443882562043
593,-0.2824449887700182,2.7456734250173547,-4.441948587663642
594,-0.2757685769058257,2.74548739811909,-4.4335121884254125
595,-0.2815203934187414,2.781978881431062,-4.433776583810747
596,-0.2733103287978282,2.741320361251006,-4.393290826125438
597,-0.2657639330442306,2.7790499424411284,-4.3972568729753085
598,-0.25755943302489487,2.7717401942147113,-4.415579236816258
599,-0.27443490718616426,2.76660000466099,-4.392367071492387
600,-0.26915866020514334,2.760131286290518,-4.423095404249683
601,-0.2626931444461529,2.7771984862225048,-4.432626484040792
602,-0.28244538368262856,2.736735304939748,-4.3947362907557785
603,-0.28870759776066224,2.7802138529061295,-4.429082958814991
604,-0.2808749437741904,2.750369313303914,-4.44145335745425
605,-0.2750231278966805,2.748610237080285,-4.4013333139182045
606,-0.2532045874180756,2.7514166698746707,-4.426535201309228
607,-0.26827833556027625,2.756282517631445,-4.448059403545768
608,-0.28750332948913343,2.7694975849739087,-4.419367819140354
609,-0.251268191545281,2.788609533242585,-4.40006445953263
610,-0.28152992842610625,2.789645069754597,-4.387644346613975
611,-0.2673211132341239,2.7368060164663137,-4.391136301088282
612,-0.2780489881352968,2.74760255229766,-4.40848778237628
613,-0.2739008603459467,2.761125676282314,-4.4116279364073945
614,-0.28816932857423083,2.7646632641855615,-4.432607804685404
615,-0.2743630368883067,2.745619922725002,-4.392810036674927
616,-0.2712823214677901,2.7338992863093217,-4.43592642449486
617,-0.2532490628899696,2.738835903167062,-4.392254125693926
618,-0.2629312165084814,2.7424396609438224,-4.395159446503768
619,-0.24845878138501135,2.7873294926569696,-4.4102004827961805
620,-0.2660728264621592,2.761038698544394,-4.415474408861282
621,-0.28698306930065165,2.782571054771325,-4.417194978581771
622,-0.27187611112667165,2.7484909640679245,-4.399438227642738
623,-0.2857778095134883,2.7327291978790678,-4.398377930665709
624,-0.26745975785808246,2.7855835939861753,-4.420077077096733
625,-0.28539057450280675,2.7807405689472504,-4.438047422264906
626,-0.2746464675396843,2.746176777573816,-4.431069664878685
627,-0.2876651079667183,2.7471625811617217,-4.411526364612808
628,-0.2477959326743662,2.7814094319590894,-4.42443274367913
629,-0.2614017780760834,2.7857319794936646,-4.3970466998807565
630,-0.2573438829558599,2.750183471278397,-4.443515088733498
631,-0.25360959888784723,2.7614846925609817,-4.391355733902302
632,-0.286273083668842,2.7625658884734574,-4.387823397059332
633,-0.2612725889733064,2.735214668238999,-4.4167719467652775
634,-0.25292446662973517,2.7578658627445902,-4.4076280953236635
635,-0.2744756500601557,2.7353823469671195,-4.410217213534808
636,-0.27922226793911914,2.7324972947126054,-4.398554916421363
637,-0.25649753225019384,2.764003563681854,-4.399938287179084
638,-0.2537658037386673,2.7387592753099153,-4.402888794179559
639,-0.2641759379459118,2.7849489456780816,-4.412436952046742
640,-0.2606952765176839,2.7876052802702924,-4.39053297732661
641,-0.24656579083111219,2.787240262445574,-4.442596004379077
642,-0.2804429473341457,2.736538673470101,-4.42752089134814
643,-0.2818029940900747,2.7381677174282446,-4.411823081347581
644,-0.2595311758623245,2.763456828327856,-4.43762708434658
645,-0.24668608368981657,2.733851502732987,-4.44099591282887
646,-0.2516267789619981,2.755732556916607,-4.405516822391567
647,-0.25838003051009517,2.7684349819267022,-4.41502970687357
648,-0.2767880508418476,2.7775851242606633,-4.438021709537762
649,-0.24991469302459193,2.738045824072421,-4.397162243694369
650,-0.25383976107082606,2.769155528593711,-4.404376940535267
651,-0.28769210435294224,2.76182065987447,-4.430811498704592
652,-0.2706898818022043,2.7492174589402736,-4.436513737834668
653,-0.2686778713534882,2.7577173858901194,-4.422509458361485
654,-0.28184914686545404,2.742110863249855,-4.424113139648578
655,-0.2560925514172147,2.756645903881103,-4.404852617101531
656,-0.26920867198769294,2.7525357804796506,-4.395806995132549
657,-0.2505536978212343,2.7684816672285875,-4.4098194988688455
658,-0.27395892816730144,2.736180565147726,-4.411922051676249
659,-0.28599492870463294,2.767983283454873,-4.440800335328249
660,-0.24699776524363745,2.7903140841754617,-4.413305304411033
661,-0.25708383761771814,2.738303368942391,-4.436192602291499
662,-0.27200944645083525,2.785466830596911,-4.430047474992139
663,-0.2858740278876663,2.7667266027488036,-4.40432243817576
664,-0.2516372027430403,2.748447167146903,-4.432390278086265
665,-0.2530872418295155,2.7462326598571534,-4.447932808639213
666,-0.27154244035948805,2.760733923800377,-4.422556382874928
667,-0.2551919477281625,2.7591547700753525,-4.435550536197136
668,-0.2526953588260175,2.7836030638796676,-4.448683554542837
669,-0.25127856744112,2.736504218968292,-4.417460049361201
670,-0.2675506162395728,2.7491634774905602,-4.440852986048325
671,-0.2552305730777361,2.7906031594015266,-4.404593849057062
672,-0.2546000938417727,2.7504359695220426,-4.447240163378075
673,-0.2849471702698697,2.788982896881446,-4.4045618692676864
674,-0.2716752767736477,2.7872342090800712,-4.430253617079331
675,-0.2817178984808309,2.7430720926056,-4.393858337877025
676,-0.26093917908715636,2.7587830171236227,-4.431580971991581
677,-0.2701384533726785,2.7636837769735068,-4.3888753771167135
678,-0.2712214378593727,2.7405128463913395,-4.40683885922243
679,-0.2807438069469024,2.743656823071225,-4.427611579131536
680,-0.2864392674446003,2.7644739503069684,-4.396367535609574
681,-0.2808381028727191,2.759280773977235,-4.433569164150623
682,-0.2606848669745181,2.771242410566693,-4.392771151894322
683,-0.2836651046156764,2.7381326026452606,-4.436515983837031
684,-0.26938935388426155,2.7889207465594574,-4.438833560901795
685,-0.26709128138417787,2.7403490658054896,-4.420683630680227
686,-0.2679671029018426,2.7714424178132466,-4.435547583778097
687,-0.2574710024650372,2.7467830332215417,-4.398729113702382
688,-0.26194645126478094,2.7343607801400855,-4.449024875577372
689,-0.2601803748583834,2.782502366004755,-4.409638518987824
690,-0.28422832907448614,2.7413871326603556,-4.426678754738898
691,-0.26606602841592236,2.757959356659581,-4.418835417465181
692,-0.27935964372214656,2.7600411092249653,-4.430122219547033
693,-0.2746936709471313,2.765840506926139,-4.417364283863545
694,-0.28221888939708545,2.739394459984839,-4.41121827464353
695,-0.2593183553420524,2.7375320894975266,-4.4076226128685425
696,-0.2671202821660179,2.736481552965523,-4.422757148687056
697,-0.2504052973657912,2.7762646016344315,-4.415104896511178
698,-0.2652069973221097,2.7592744142114847,-4.421502653962218
699,-0.2721491946270034,2.7663333819543405,-4.387692487570173
700,-0.28191374270499736,2.7610755366318718,-4.423268462885653
701,-0.28541355357308257,2.755447999000591,-4.429017777842579
702,-0.27983717101319827,2.7902147956520236,-4.4246127384578235
703,-0.26302223049467377,2.765119459081394,-4.3955932027077935
704,-0.27260840501457634,2.739525921958969,-4.3977341563801495
705,-0.25687505575267944,2.738229720742487,-4.430137855250112
706,-0.25422933171245515,2.7777121895213686,-4.434580651334284
707,-0.2631671300933526,2.7639768237887985,-4.39714650433636
708,-0.25379408813476867,2.7769564906339,-4.406070938882127
709,-0.2858104288201709,2.7519284083494733,-4.446474900785804
710,-0.2824386652353846,2.7498394238398363,-4.4288336295869515
711,-0.28197811246254945,2.743589375612063,-4.394924003148576
712,-0.25683434725734045,2.756538748685646,-4.412820763927197
713,-0.285773007492642,2.7477802685504726,-4.395235921276157
714,-0.25002357242642,2.7456846780009703,-4.438568895813709
715,-0.25404769141499234,2.7704007287554187,-4.39280823826795
716,-0.24783926840751372,2.7391285178661957,-4.394966835442224
717,-0.2539937874638561,2.7548833087235023,-4.443834012824481
718,-0.2856326637683281,2.7673803458195234,-4.448997358766584
719,-0.24736406785714668,2.742388466937211,-4.413972561322986
720,-0.2583482916749188,2.7391294332105773,-4.398146599052072
721,-0.27542537983448623,2.759702937947461,-4.44228017912079
722,-0.258206670398646,2.7837497118665335,-4.430981210124342
723,-0.27112900368216103,2.748984183004869,-4.414042674718392
724,-0.27265855002185074,2.7684865594950825,-4.437022344314242
725,-0.27129674473217774,2.7380848548178958,-4.434277902777974
726,-0.2787887314293552,2.737798592510167,-4.446578720906942
727,-0.28325028479390907,2.747016131889686,-4.394625236985499
728,-0.2755787183151484,2.7730863849812453,-4.4223168015677325
729,-0.2649367657599497,2.744334103382281,-4.403691090680233
730,-0.25309355883862356,2.770637838806425,-4.404927949060541
731,-0.27732166485973175,2.7744150442279647,-4.410095766271985
732,-0.2746556001690054,2.73702617078418,-4.440349922266342
733,-0.28364852111550715,2.789233393433862,-4.436036557070058
734,-0.27491502667492246,2.7755007775007434,-4.395978000107494
735,-0.2729373527511289,2.7360221002695986,-4.409112520254681
736,-0.2774887773031701,2.772547007653298,-4.4211417678677085
737,-0.2748454161692491,2.7605048961203376,-4.396184109792407
738,-0.27626884659097034,2.7399539609993258,-4.420404247042888
739,-0.2597329816458129,2.744049459744821,-4.406407106357218
740,-0.2554483144946147,2.7356892134983646,-4.398309378663608
741,-0.2499568789613552,2.7452905325871306,-4.39459786318157
742,-0.26051576996225045,2.7512534166868403,-4.396383679228511
743,-0.26837485449918486,2.7647094258137277,-4.392491588539936
744,-0.269721797565129,2.73347524445667,-4.449048533973267
745,-0.26757316219721583,2.7663983981864964,-4.431970754320423
746,-0.268712391073467,2.7902900464394618,-4.3970877256704
747,-0.2669897994314838,2.7617593861751666,-4.3890465620874055
748,-0.26689467536050115,2.770972114365761,-4.388751873579256
749,-0.24900002479940725,2.746404645670463,-4.412546522244178
750,-0.26119643058154557,2.778628663951565,-4.4416109488205215
751,-0.2594636315481336,2.7403125055487045,-4.4360154160137615
752,-0.2862678851086076,2.7899764490821033,-4.414409378243519
753,-0.2557647041214036,2.789302081345994,-4.420145935258236
754,-0.2824573238818714,2.7337364076383532,-4.408978160018429
755,-0.26554958963011843,2.7658480855438943,-4.421680380231762
756,-0.27908724148762754,2.7601733635241894,-4.402996827894665
757,-0.25186638409914774,2.7736328456726986,-4.396849265663368
758,-0.2758296594858039,2.778423576549364,-4.448054869456711
759,-0.26736484164192476,2.784591314951992,-4.417894499976064
760,-0.2682743592047022,2.7863718480523914,-4.418043485738765
761,-0.2752497036427597,2.7564329289758693,-4.400021491920829
762,-0.2704338598538727,2.7581287578140437,-4.430801804198221
763,-0.28335831392931665,2.7416189782527156,-4.402119368774919
764,-0.26389458567091656,2.767728320254792,-4.3954545748515494
765,-0.260025715870829,2.750217684678872,-4.43630760934857
766,-0.27424766338558887,2.783874416206249,-4.418863156144418
767,-0.27928188343415167,2.788215033207,-4.401036094682149
768,-0.27666454844362914,2.7777960501028374,-4.433243833991595
769,-0.2869300101840526,2.790316429556797,-4.397983222731022
770,-0.25727717321598553,2.7600924757855494,-4.418416821423626
771,-0.2825506782276982,2.7404417693407868,-4.424465520693347
772,-0.2474613218590008,2.7368612457765016,-4.434035603603214
773,-0.28651655033671497,2.754294804475053,-4.426003883914228
774,-0.28361436063675743,2.767147322042064,-4.427363982323006
775,-0.2760757420913552,2.734817227875943,-4.41263336805873
776,-0.285731434404634,2.737848535329995,-4.421400683765886
777,-0.2597732825513709,2.768560992715679,-4.418613441348694
778,-0.27115415127511466,2.79056452492451,-4.436620653749746
779,-0.2771190310469137,2.7432755256233023,-4.427071548842006
780,-0.25508133494605084,2.7610361852954917,-4.417386594590005
781,-0.2806362748916007,2.7578893394601347,-4.389434271608153
782,-0.2734634916914552,2.7364865915342547,-4.4492194871885555
783,-0.2830183675432263,2.7398236879365747,-4.423314308470707
784,-0.2601750703985229,2.75477610773044,-4.412192422240887
785,-0.28656967051259624,2.7814168473602647,-4.415812422916824
786,-0.278271562072492,2.7477988764424643,-4.441910786510134
787,-0.2496570208007494,2.760029320678157,-4.445555529708447
788,-0.2686211549555268,2.751088139489501,-4.418575154713897
789,-0.26286633164583917,2.7716012810504784,-4.389503062789245
790,-0.26129279504365444,2.7763341867367703,-4.446838126489589
791,-0.2622239605749958,2.7852554473303814,-4.415420865904635
792,-0.24683535576052676,2.781011855716141,-4.429898856710449
793,-0.279354921084829,2.7562921737864823,-4.443272444482015
794,-0.28464678030051577,2.7684049175284384,-4.419602361529801
795,-0.24802919771148224,2.7721619978171264,-4.448237513365255
796,-0.2726464329703665,2.7897037519077426,-4.4342858593593375
797,-0.2742830999769255,2.7700787275749517,-4.410693079735538
798,-0.2858159531717717,2.75168990754954,-4.431255751268446
799,-0.26162068680305156,2.775239289348457,-4.448813565613401
800,-0.256631158171625,2.7527135930986213,-4.416612517335803
801,-0.2502123209820561,2.744123514735274,-4.44293516314988
802,-0.2590616071425388,2.776017960007723,-4.416864997438412
803,-0.27537793513321424,2.7865012334287034,-4.408078298657726
804,-0.2599131968759691,2.7770734026797728,-4.417249974028056
805,-0.2703088676618443,2.7700052614557085,-4.399774121989949
806,-0.2728130327358486,2.768604050932903,-4.4028890668389655
807,-0.24914721937275772,2.77725955839784,-4.435043591143286
808,-0.24651616668748194,2.7489034215910775,-4.390347380663269
809,-0.2695786998304722,2.778626544842264,-4.3908478097524215
810,-0.28817025893429077,2.7815608705072625,-4.405049672450468
811,-0.2761353328347876,2.7364241798134428,-4.422668847295054
812,-0.25599079605541253,2.774360247299596,-4.4073746662485345
813,-0.26962856663988105,2.7445610762029813,-4.430966808947282
814,-0.2755004365767132,2.772532391403351,-4.4049004955343
815,-0.2649230531214602,2.7413252240173893,-4.394415651513977
816,-0.2828536507732015,2.7884504303386857,-4.447084154402537
817,-0.26320752411808285,2.742790652377619,-4.4330685702851245
818,-0.2542659423301277,2.75944174911518,-4.43549870482459
819,-0.2566742382889779,2.7568511475184474,-4.419921277471975
820,-0.24819016358009258,2.763973758892585,-4.426318324998789
821,-0.2673883405628301,2.787894413735015,-4.41462441098262
822,-0.2692381477067579,2.7718656294842834,-4.422522843100822
823,-0.27844253958378673,2.770506300176753,-4.4113072799377075
824,-0.2552057705728526,2.754389552177184,-4.404059473081512
825,-0.280432129711199,2.7769687540344212,-4.40343121986655
826,-0.2697631528535876,2.750421323770424,-4.449032192564965
827,-0.25954113661359374,2.759343031069341,-4.42523364969143
828,-0.25109730870969454,2.7739153817277216,-4.428595317302036
829,-0.2827543401881773,2.766790248938928,-4.407235453957139
830,-0.25686764795771494,2.74925589675607,-4.422119403167928
831,-0.2650208114700182,2.738771816337396,-4.404564113294213
832,-0.2847996816107069,2.732858026776135,-4.393627764291376
833,-0.28111500909657217,2.7845848571097194,-4.3907043625843585
834,-0.2526338935860392,2.7337541691251874,-4.412741049169932
835,-0.2584689779844987,2.7363872509697242,-4.387983269527955
836,-0.28543791219610176,2.768381045016869,-4.388305022779729
837,-0.287702649451186,2.747941164599279,-4.430559948977995
838,-0.283537834909229,2.778229369889572,-4.430945138973671
839,-0.2850616596750096,2.7699198448294635,-4.444315465386675
840,-0.25738709281314515,2.7754412519896805,-4.435689825298892
841,-0.28709434204864204,2.7449212552361093,-4.4302997587344315
842,-0.2472727730175095,2.7780900477065718,-4.3963830794380305
843,-0.2745550944027065,2.7758707503244486,-4.444252445112816
844,-0.26011504129180596,2.78263728533472,-4.440918104909361
845,-0.25512164806909055,2.7640128101325283,-4.40851588157508
846,-0.2824069944444527,2.7688712455245432,-4.440878149381975
847,-0.26190073990042667,2.773462040027108,-4.416055380448363
848,-0.261177708666223,2.784629287865964,-4.430685437532843
849,-0.288391541185481,2.7699965711726584,-4.44751010267115
850,-0.2888146528452991,2.7401313585354696,-4.391674615610787
851,-0.26115446990347513,2.745419904829972,-4.404890084853791
852,-0.2760609428508662,2.7480466113089657,-4.438844457847299
853,-0.2800359628732355,2.7702039129124034,-4.446567227211151
854,-0.2637416801211398,2.764512942081929,-4.40085309012564
855,-0.27673694620928746,2.7895774373013804,-4.434501441097066
856,-0.25884763083753554,2.7401665542921982,-4.432318126679994
857,-0.2553109088618339,2.768762970279635,-4.429254986418737
858,-0.26209854365129204,2.7343801544072663,-4.431114530946269
859,-0.2476136867266353,2.784552286772144,-4.442397283476776
860,-0.2615352747155826,2.78670008606806,-4.424802758654581
861,-0.28152135058027405,2.7342996088543576,-4.401316197954941
862,-0.2483826049901096,2.7779018415823766,-4.403122207720653
863,-0.2753193039771247,2.774773677045861,-4.43517306242953
864,-0.2465647548723618,2.7527868478354747,-4.408338706768517
865,-0.2652552498630109,2.751293093137094,-4.431058444983457
866,-0.27509200743305107,2.75295200767384,-4.410070095327276
867,-0.2515983915849618,2.7551403381766293,-4.428697433876296
868,-0.28357908350586153,2.7361561800375642,-4.402372963626513
869,-0.2590778393092498,2.7544349751936097,-4.393028334962575
870,-0.2703544536856019,2.7345779180856855,-4.4066525752304635
871,-0.2593413412592339,2.781773763105059,-4.400640395222894
872,-0.2764025788497491,2.7657345954202843,-4.396031372960509
873,-0.24652958850608134,2.7596300606468662,-4.419181146091242
874,-0.2750347314843448,2.78766806515302,-4.408534570497359
875,-0.28370779606678037,2.7686014217136017,-4.391416712612837
876,-0.2744982465634614,2.7860541710181583,-4.407259971978269
877,-0.24668493598319471,2.7607176372922346,-4.400121122093177
878,-0.28778931379507783,2.7334956747337418,-4.446979005259019
879,-0.2729409353095364,2.7716208020969706,-4.431426648180805
880,-0.27824726154605106,2.7628616572744145,-4.4067567770908385
881,-0.2615160896497582,2.7648798627719984,-4.428237985837333
882,-0.25136869628740494,2.7442958090682703,-4.448206280945188
883,-0.28350204201575435,2.754165735077341,-4.4050730373653515
884,-0.2782723361225763,2.766813487537797,-4.392117986545162
885,-0.2794501358339456,2.7595012391128613,-4.393854712872564
886,-0.27534082223269507,2.7473871230246782,-4.397048124892485
887,-0.2825241867928497,2.7373392959740968,-4.397991626208532
888,-0.2772961506199765,2.7725168522047143,-4.416455266187943
889,-0.28056830136495686,2.768855554643028,-4.39015498732981
890,-0.2739501402639134,2.7719152798589985,-4.389925643538216
891,-0.26417968650697926,2.7386826348297704,-4.442036454554092
892,-0.2651840283484223,2.77119988757809,-4.406154940630205
893,-0.28509089223310324,2.7693083652332775,-4.424509582125505
894,-0.25030037403992234,2.787011046389179,-4.3949715156734
895,-0.2465371736154534,2.7483838366954303,-4.424891506826823
896,-0.2681605942443361,2.7349664840371495,-4.438809859800731
897,-0.2546978781304773,2.7328378491521965,-4.405952870273431
898,-0.25888873514633964,2.7432656186949083,-4.4179124574456745
899,-0.28441796211149384,2.7366065582255237,-4.429119185422285
900,-0.2824715365800826,2.7500561495880653,-4.4301667426662
901,-0.2848840816613827,2.768118644561462,-4.421253447660149
902,-0.2663847971311939,2.774366836746735,-4.420293741683254
903,-0.2886028054677897,2.7873522640663815,-4.40458150162254
904,-0.27819523563271004,2.763881862439007,-4.4119707591854675
905,-0.28811508185467477,2.7393199117971543,-4.387717745653586
906,-0.26783304397361635,2.7459852144532886,-4.4127479305195445
907,-0.24879835934407413,2.7415754474587803,-4.430738808557294
908,-0.2658685337333602,2.773973532647784,-4.397125045367195
909,-0.2536899537631378,2.7450441756692348,-4.412642563969684
910,-0.2689265451878446,2.7626898024144806,-4.390841871119945
911,-0.24730433719657002,2.732722299295555,-4.413751344224227
912,-0.27774323626872355,2.757204734282027,-4.44881408789068
913,-0.26480354246412724,2.732504284967647,-4.439980571754061
914,-0.27927237420371726,2.759471951034903,-4.394937086768609
915,-0.24873403773413771,2.7478326880763664,-4.393599706112002
916,-0.25632290765796856,2.7743190389503622,-4.424372340341039
917,-0.26382986816274556,2.767204872242614,-4.427291533901315
918,-0.26681632477467826,2.7340125037844576,-4.405592983131542
919,-0.26276529002750676,2.753199740360462,-4.387937384688899
920,-0.2819193211644141,2.757368712327429,-4.425141085096191
921,-0.2550178751945691,2.7352028500219516,-4.3936073380753955
922,-0.2811974621214374,2.738314661149027,-4.411859091799089
923,-0.2854824461933758,2.758287476477462,-4.405193545759248
924,-0.2579903344267233,2.736616326172788,-4.398759917632886
925,-0.2873415174167339,2.751406858175036,-4.395332115383956
926,-0.24791222598051982,2.7415117736062156,-4.388193599021559
927,-0.2838845170535048,2.7615326658985975,-4.433567859600744
928,-0.25831130221648324,2.780055885579226,-4.436730611024427
929,-0.27493526539759444,2.771777606186171,-4.436625906332975
930,-0.24849995921262444,2.7773016819964016,-4.400792271468159
931,-0.2825067156539467,2.7630227479928493,-4.434687573074384
932,-0.2566743163964612,2.7811460604717912,-4.388090743820589
933,-0.25974955103285413,2.7435981882018683,-4.441414154802833
934,-0.2580756333500314,2.7629918693703384,-4.438071489731104
935,-0.28663642272211576,2.7361847315336174,-4.388535799059435
936,-0.2751888587460201,2.736073646138317,-4.395755056603554
937,-0.2648780395363599,2.788369744424516,-4.39579649440038
938,-0.2505213086762652,2.788605566598314,-4.406005697476972
939,-0.259494921334909,2.762374177973655,-4.441908343850315
940,-0.2581886852030229,2.7639394863393165,-4.436503316987146
941,-0.25394098990485714,2.7760621930441145,-4.4087875752746974
942,-0.28592755543429377,2.7893709855240516,-4.44826476850842
943,-0.27696348112007485,2.787070375974132,-4.440991454172299
944,-0.2676619182912582,2.7901759998635955,-4.396118922417976
945,-0.2588765944392123,2.7892706592476224,-4.398929691182421
946,-0.25277117603901056,2.763475604680489,-4.408031318467435
947,-0.24805264555249146,2.769778296409625,-4.444470531483987
948,-0.2747787503784763,2.7762531552653305,-4.4350263782267945
949,-0.2786105048494487,2.752809277631962,-4.438915966233053
950,-0.28645267431982047,2.774062962486134,-4.393285616291425
951,-0.257218807631417,2.734052348846726,-4.442232521842233
952,-0.27672455734684437,2.7358197171273404,-4.411343661499527
953,-0.28770351692792756,2.7893450185250117,-4.414683162385665
954,-0.24933643311849096,2.7900559200865147,-4.442453114969003
955,-0.2766197459435076,2.7837080817360134,-4.43830582422432
956,-0.27907639679973834,2.790465979948485,-4.440387356057819
957,-0.27808332362959265,2.7407100591325877,-4.419376019614137
958,-0.2528712475662371,2.751664476419778,-4.439667581662485
959,-0.24793402428417316,2.7788915211000376,-4.399822218990923
960,-0.2596978840156335,2.7876680045771303,-4.4114457405196
961,-0.2742913139183252,2.7803039003423433,-4.439624014675917
962,-0.2728719865462105,2.734608794425346,-4.438088133979123
963,-0.2519571777350248,2.7673915542413137,-4.416652006145294
964,-0.25729995498639796,2.781792018107548,-4.414783479153237
965,-0.2540039393188941,2.7658234948094047,-4.427381464518622
966,-0.2723381932591812,2.7339775932780728,-4.440074701027628
967,-0.28642601689206376,2.746807262947335,-4.402377405076494
968,-0.2699032924730535,2.7795115595679905,-4.445926250787829
969,-0.25407101567140766,2.75604789977571,-4.403264769693039
970,-0.2868697301906703,2.7606578779296047,-4.408277593943737
971,-0.2711453563914252,2.7550023180551793,-4.401404750790149
972,-0.26436121888691777,2.733190126514121,-4.396100689749522
973,-0.2728242773503816,2.7383451018553266,-4.442326647641589
974,-0.2815111763683833,2.76085454501706,-4.435501683351747
975,-0.2522716459171306,2.735571864482236,-4.408242239650216
976,-0.2685236513242311,2.7708324861624094,-4.400084469084227
977,-0.2711006822738015,2.7838487200899253,-4.413565876792151
978,-0.25397354006214373,2.788840996163305,-4.418637450664499
979,-0.24902831669919923,2.7664226894214807,-4.395753121319942
980,-0.24948435316001144,2.7652991833324414,-4.433991314996178
981,-0.2681527998491074,2.7503429794233605,-4.425583701163945
982,-0.2717088564303825,2.769495429941299,-4.394573708337479
983,-0.2529506048197274,2.7531387891611563,-4.404493760153421
984,-0.2883334664404046,2.7408314164057614,-4.445920387501092
985,-0.2827842311529103,2.777241434934868,-4.4101957659446755
986,-0.26743309150221484,2.7724243137397933,-4.432558826646114
987,-0.2517348480439848,2.7510690353314273,-4.438481340644746
988,-0.27042256517059193,2.759365128441942,-4.416791250527725
989,-0.28670903367548606,2.763587591364459,-4.4133524342476855
990,-0.2744528049113374,2.7834178184898506,-4.423486880707839
991,-0.26034388986292906,2.735155064455904,-4.433158884306981
992,-0.28287935629159255,2.7581713621732082,-4.430370215676032
993,-0.2789526761827674,2.7762567951021353,-4.405837810480341
994,-0.26659172823527477,2.778841613897339,-4.388748776637806
995,-0.27780083621972296,2.736654239509242,-4.427827270264782
996,-0.26877427860038094,2.754849243081442,-4.4389158781245275
997,-0.25781643830039236,2.7351218341924457,-4.39913520564847
998,-0.25051293580866896,2.7405770112435985,-4.411915881651663
999,-0.2567181077697912,2.7588078122642687,-4.401708938010194
1000,-0.257924492693315,2.761969043718839,-4.434027362871833
1001,-0.26035009222179767,2.783237497300751,-4.435525417105971
1002,-0.25405548389689037,2.7375588010901404,-4.410080400166567
1003,-0.24778567836598428,2.742862670597238,-4.433638397595806
1004,-0.2717010793052654,2.7531652369016206,-4.430463607059834
1005,-0.27065117489377644,2.7592979542418603,-4.449079990386199
1006,-0.2521842557757469,2.781489745525206,-4.4324657607658065
1007,-0.28808244778808867,2.7770949104546396,-4.413096831529219
1008,-0.26234518016775044,2.73766746993699,-4.397208816796043
1009,-0.27420442012773827,2.733844952111731,-4.43447689387853
1010,-0.2865124660024365,2.7610748663918243,-4.389472694636342
1011,-0.2527039025346923,2.784003413553194,-4.445652453429416
1012,-0.28615647954439744,2.7339094412868343,-4.394141306603719
1013,-0.2746104342715779,2.777536358956843,-4.444582007814612
1014,-0.25418855971822796,2.7350755936995736,-4.442446156219004
1015,-0.2698311079673917,2.786146437157986,-4.396401201164009
1016,-0.2703367820548661,2.7409046072324803,-4.395544743283163
1017,-0.270963582980311,2.770793816915919,-4.3983536281244
1018,-0.2800635960194431,2.7689757556778845,-4.4370997704378095
1019,-0.28131457622955347,2.7538699940483227,-4.435259015276305
1020,-0.28161790863034186,2.7774828609176736,-4.396214891758921
1021,-0.2541076219162858,2.7492923212582046,-4.390816294758036
1022,-0.2631869728312211,2.757961272740908,-4.39663742926718
1023,-0.26856354285424816,2.76713877940801,-4.426853832423536
1024,-0.2661092641420722,2.769968919784059,-4.412722146319363
1025,-0.24726263825339467,2.7596008761099,-4.438054910460104
1026,-0.25655245937904697,2.775404343361586,-4.404930432288779
1027,-0.26567553922616416,2.7904609185846216,-4.389672584645751
1028,-0.2625271504529377,2.779191666276401,-4.432707048454321
1029,-0.26058421282716143,2.788086615535408,-4.390145415921201
1030,-0.269324402573949,2.7769453735693688,-4.4288972584614745
1031,-0.2686169189412282,2.738033355140341,-4.431808020786165
1032,-0.26048179435284075,2.7427788156693738,-4.402125086537098
1033,-0.2633067917069188,2.748549649276033,-4.445982616656632
1034,-0.2498938816786087,2.7382880145529986,-4.420345896037643
1035,-0.2622607458700725,2.771351403586264,-4.4157984609703576
1036,-0.2882258965686049,2.7772244424680967,-4.444269477592971
1037,-0.2755281349251788,2.7479859874957557,-4.447042482640408
1038,-0.25080586729871673,2.7504166436997664,-4.4443584461234416
1039,-0.2657103083622947,2.7373237597451126,-4.397266452832732
1040,-0.2712399876882051,2.7788096089690706,-4.428829921023385
1041,-0.27743353298153756,2.7638694284250254,-4.413268443130346
1042,-0.2504069912843972,2.7586188280118726,-4.388622465815011
1043,-0.27071510746505817,2.7556987697544773,-4.413827350233549
1044,-0.26138297414616557,2.7411965898656114,-4.437603039643513
1045,-0.26796884283019756,2.7356752670204525,-4.433215566714786
1046,-0.2762244316559154,2.7710176806891766,-4.423999883682675
1047,-0.2631443541659378,2.7449513565814723,-4.389705552460131
1048,-0.2754576967174713,2.763697117593797,-4.436990095183744
1049,-0.2854170719853524,2.7850956298710092,-4.431900753820504
1050,-0.2880096395342854,2.766371920670521,-4.426717054681258
1051,-0.24832885779012112,2.785243649166737,-4.4451090124860215
1052,-0.2513207757668546,2.752652894038614,-4.410658366477577
1053,-0.24969829246841913,2.7335119656511515,-4.392020202698005
1054,-0.2586048185480397,2.7847989959754518,-4.443450512825922
1055,-0.28227761592136785,2.753101213003142,-4.39750192706264
1056,-0.28415073720744866,2.7548687347953247,-4.413688660861841
1057,-0.25901922360587476,2.7618900133325246,-4.436941604216458
1058,-0.2696237376636788,2.7854252295957838,-4.399461595010655
1059,-0.27140065123873613,2.7429020259593306,-4.4140803197734595
1060,-0.26141191756507687,2.785568618062622,-4.440908618286735
1061,-0.2526929881672104,2.757084183198545,-4.400950211218254
1062,-0.2498436615181803,2.7629027036578537,-4.3901907324479525
1063,-0.25908809538436833,2.7378269824837043,-4.433959080563543
1064,-0.28111393067950297,2.7386041100689598,-4.394184871369523
1065,-0.2881923215200908,2.758214218315626,-4.396082266892224
1066,-0.27679559443114127,2.761304632237688,-4.4115035659857815
1067,-0.2642699364256411,2.7648704634892343,-4.419940401646962
1068,-0.2846336800832411,2.7537778990974355,-4.440983650070848
1069,-0.26952876356572936,2.7511624349613792,-4.418059540839051
1070,-0.273763440219972,2.739401878700988,-4.447187004357422
1071,-0.26565606658304264,2.780588595297735,-4.41709858576153
1072,-0.2858766148894859,2.7691745985970657,-4.440172440105804
1073,-0.24824601668518825,2.76594878667927,-4.423914364104002
1074,-0.2761928577210745,2.7714840677037484,-4.409751150244588
1075,-0.27683443300541605,2.7419171162423166,-4.427056629791382
1076,-0.2565548368126647,2.788591340140692,-4.4332131591638495
1077,-0.28704840463915654,2.777349816966836,-4.412214025689305
